event,seconds,end_sample,block
fit_block,0.454012,,1
predict,0.010325,23190,
predict,0.009197,23252,
predict,0.009463,23314,
predict,0.010179,23376,
predict,0.008438,23438,
predict,0.008859,23500,
predict,0.008847,23562,
predict,0.009329,23624,
predict,0.008593,23686,
predict,0.009087,23748,
predict,0.00823,23810,
predict,0.008639,23872,
predict,0.008532,23934,
predict,0.00869,23996,
predict,0.008775,24058,
predict,0.008146,24120,
predict,0.010314,24182,
predict,0.009152,24244,
predict,0.008957,24306,
predict,0.008567,24368,
predict,0.008409,24430,
predict,0.008346,24492,
predict,0.008383,24554,
predict,0.009394,24616,
predict,0.00888,24678,
predict,0.009149,24740,
predict,0.012197,24802,
predict,0.010756,24864,
predict,0.009415,24926,
predict,0.009231,24988,
predict,0.009126,25050,
predict,0.00857,25112,
predict,0.008868,25174,
predict,0.009285,25856,
predict,0.008454,25918,
predict,0.008925,25980,
predict,0.008413,26042,
predict,0.009099,26104,
predict,0.009183,26166,
predict,0.008605,26228,
predict,0.008814,26290,
predict,0.008387,26352,
predict,0.008394,26414,
predict,0.008656,26476,
predict,0.009397,26538,
predict,0.008285,26600,
predict,0.008563,26662,
predict,0.009441,26724,
predict,0.009048,26786,
predict,0.008793,26848,
predict,0.009277,26910,
predict,0.009262,26972,
predict,0.00922,27034,
predict,0.008926,27096,
predict,0.009581,27158,
predict,0.009207,27220,
predict,0.009135,27282,
predict,0.009478,27344,
predict,0.009161,27406,
predict,0.008792,27468,
predict,0.008813,27530,
predict,0.009309,27592,
predict,0.011412,27654,
predict,0.010602,27716,
predict,0.009029,27778,
predict,0.009203,28460,
predict,0.008414,28522,
predict,0.008412,28584,
predict,0.009129,28646,
predict,0.008837,28708,
predict,0.008111,28770,
predict,0.008746,28832,
predict,0.009398,28894,
predict,0.008229,28956,
predict,0.008732,29018,
predict,0.008218,29080,
predict,0.00838,29142,
predict,0.008692,29204,
predict,0.008469,29266,
predict,0.008576,29328,
predict,0.010661,29390,
predict,0.008513,29452,
predict,0.008814,29514,
predict,0.009669,29576,
predict,0.00941,29638,
predict,0.009607,29700,
predict,0.00862,29762,
predict,0.009247,29824,
predict,0.008719,29886,
predict,0.010851,29948,
predict,0.008608,30010,
predict,0.009066,30072,
predict,0.008695,30134,
predict,0.009106,30196,
predict,0.009375,30258,
predict,0.008335,30320,
predict,0.008482,30382,
predict,0.008221,31064,
predict,0.008934,31126,
predict,0.008115,31188,
predict,0.00878,31250,
predict,0.008711,31312,
predict,0.010403,31374,
predict,0.008598,31436,
predict,0.011215,31498,
predict,0.009768,31560,
predict,0.008795,31622,
predict,0.009149,31684,
predict,0.008443,31746,
predict,0.009354,31808,
predict,0.008713,31870,
predict,0.008899,31932,
predict,0.008825,31994,
predict,0.008074,32056,
predict,0.008665,32118,
predict,0.008406,32180,
predict,0.009038,32242,
predict,0.008835,32304,
predict,0.008523,32366,
predict,0.008155,32428,
predict,0.008081,32490,
predict,0.008301,32552,
predict,0.00834,32614,
predict,0.008742,32676,
predict,0.008915,32738,
predict,0.008705,32800,
predict,0.009343,32862,
predict,0.009197,32924,
predict,0.008333,32986,
predict,0.008883,33048,
predict,0.008226,33730,
predict,0.008168,33792,
predict,0.008112,33854,
predict,0.008682,33916,
predict,0.008604,33978,
predict,0.008273,34040,
predict,0.009386,34102,
predict,0.012015,34164,
predict,0.012602,34226,
predict,0.009751,34288,
predict,0.008451,34350,
predict,0.008133,34412,
predict,0.008166,34474,
predict,0.008236,34536,
predict,0.008217,34598,
predict,0.00844,34660,
predict,0.008381,34722,
predict,0.008298,34784,
predict,0.008522,34846,
predict,0.008275,34908,
predict,0.008408,34970,
predict,0.008294,35032,
predict,0.008104,35094,
predict,0.008457,35156,
predict,0.008093,35218,
predict,0.008282,35280,
predict,0.008191,35342,
predict,0.00846,35404,
predict,0.008171,35466,
predict,0.008104,35528,
predict,0.008133,35590,
predict,0.008124,35652,
predict,0.008156,36334,
predict,0.008113,36396,
predict,0.008085,36458,
predict,0.008265,36520,
predict,0.008114,36582,
predict,0.00813,36644,
predict,0.008295,36706,
predict,0.008633,36768,
predict,0.008337,36830,
predict,0.008056,36892,
predict,0.008098,36954,
predict,0.008333,37016,
predict,0.008228,37078,
predict,0.008295,37140,
predict,0.008268,37202,
predict,0.00837,37264,
predict,0.008155,37326,
predict,0.008117,37388,
predict,0.008047,37450,
predict,0.00823,37512,
predict,0.008411,37574,
predict,0.008266,37636,
predict,0.0083,37698,
predict,0.008137,37760,
predict,0.00809,37822,
predict,0.00813,37884,
predict,0.008148,37946,
predict,0.008116,38008,
predict,0.008365,38070,
predict,0.008192,38132,
predict,0.008079,38194,
predict,0.008107,38256,
predict,0.008382,38938,
predict,0.008104,39000,
predict,0.008494,39062,
predict,0.008259,39124,
predict,0.008304,39186,
predict,0.008346,39248,
predict,0.00838,39310,
predict,0.008077,39372,
predict,0.00798,39434,
predict,0.008037,39496,
predict,0.008255,39558,
predict,0.008808,39620,
predict,0.008777,39682,
predict,0.008594,39744,
predict,0.008479,39806,
predict,0.008687,39868,
predict,0.009655,39930,
predict,0.008409,39992,
predict,0.008448,40054,
predict,0.00831,40116,
predict,0.008067,40178,
predict,0.008047,40240,
predict,0.008136,40302,
predict,0.008971,40364,
predict,0.008167,40426,
predict,0.008099,40488,
predict,0.009149,40550,
predict,0.012725,40612,
predict,0.008456,40674,
predict,0.008543,40736,
predict,0.008476,40798,
predict,0.008324,40860,
predict,0.008456,40922,
predict,0.00835,41604,
predict,0.008342,41666,
predict,0.00846,41728,
predict,0.008062,41790,
predict,0.008034,41852,
predict,0.008046,41914,
predict,0.008257,41976,
predict,0.008072,42038,
predict,0.008103,42100,
predict,0.008081,42162,
predict,0.008107,42224,
predict,0.008144,42286,
predict,0.008244,42348,
predict,0.008097,42410,
predict,0.008233,42472,
predict,0.008287,42534,
predict,0.008617,42596,
predict,0.009084,42658,
predict,0.008248,42720,
predict,0.008163,42782,
predict,0.008473,42844,
predict,0.008108,42906,
predict,0.008314,42968,
predict,0.008337,43030,
predict,0.008102,43092,
predict,0.009092,43154,
predict,0.008242,43216,
predict,0.008187,43278,
predict,0.0086,43340,
predict,0.008491,43402,
predict,0.008578,43464,
predict,0.008469,43526,
fit_block,0.455932,,2
predict,0.009646,44332,
predict,0.008797,44394,
predict,0.009018,44456,
predict,0.009366,44518,
predict,0.009477,44580,
predict,0.008773,44642,
predict,0.008473,44704,
predict,0.008339,44766,
predict,0.008182,44828,
predict,0.010398,44890,
predict,0.008773,44952,
predict,0.008688,45014,
predict,0.008079,45076,
predict,0.011936,45138,
predict,0.00865,45200,
predict,0.008897,45262,
predict,0.008852,45324,
predict,0.009681,45386,
predict,0.008566,45448,
predict,0.009171,45510,
predict,0.009005,45572,
predict,0.008761,45634,
predict,0.008538,45696,
predict,0.00824,45758,
predict,0.008964,45820,
predict,0.00849,45882,
predict,0.008491,45944,
predict,0.008543,46006,
predict,0.01107,46068,
predict,0.009262,46130,
predict,0.009035,46192,
predict,0.009227,46254,
predict,0.008173,46316,
predict,0.008423,46998,
predict,0.008555,47060,
predict,0.008645,47122,
predict,0.008998,47184,
predict,0.008795,47246,
predict,0.009406,47308,
predict,0.008764,47370,
predict,0.008698,47432,
predict,0.008322,47494,
predict,0.008537,47556,
predict,0.008152,47618,
predict,0.008093,47680,
predict,0.010352,47742,
predict,0.00926,47804,
predict,0.008466,47866,
predict,0.008859,47928,
predict,0.008763,47990,
predict,0.008721,48052,
predict,0.008898,48114,
predict,0.008627,48176,
predict,0.008785,48238,
predict,0.008416,48300,
predict,0.008212,48362,
predict,0.008664,48424,
predict,0.008613,48486,
predict,0.009029,48548,
predict,0.00859,48610,
predict,0.008215,48672,
predict,0.008481,48734,
predict,0.008289,48796,
predict,0.008552,48858,
predict,0.009988,48920,
predict,0.008617,49602,
predict,0.008614,49664,
predict,0.008438,49726,
predict,0.008463,49788,
predict,0.009104,49850,
predict,0.008492,49912,
predict,0.008379,49974,
predict,0.008153,50036,
predict,0.008229,50098,
predict,0.009213,50160,
predict,0.009005,50222,
predict,0.009486,50284,
predict,0.008259,50346,
predict,0.008716,50408,
predict,0.010158,50470,
predict,0.008984,50532,
predict,0.009165,50594,
predict,0.008476,50656,
predict,0.0087,50718,
predict,0.008858,50780,
predict,0.008767,50842,
predict,0.008968,50904,
predict,0.009065,50966,
predict,0.008615,51028,
predict,0.009117,51090,
predict,0.008346,51152,
predict,0.008872,51214,
predict,0.008274,51276,
predict,0.008706,51338,
predict,0.010598,51400,
predict,0.011881,51462,
predict,0.009281,51524,
predict,0.009697,52206,
predict,0.008591,52268,
predict,0.008899,52330,
predict,0.008632,52392,
predict,0.008537,52454,
predict,0.008615,52516,
predict,0.008242,52578,
predict,0.008122,52640,
predict,0.008568,52702,
predict,0.009045,52764,
predict,0.008571,52826,
predict,0.008445,52888,
predict,0.008799,52950,
predict,0.008227,53012,
predict,0.008277,53074,
predict,0.008668,53136,
predict,0.008515,53198,
predict,0.008472,53260,
predict,0.008586,53322,
predict,0.008349,53384,
predict,0.008789,53446,
predict,0.00851,53508,
predict,0.009023,53570,
predict,0.009665,53632,
predict,0.011273,53694,
predict,0.008567,53756,
predict,0.008554,53818,
predict,0.008505,53880,
predict,0.011581,53942,
predict,0.008531,54004,
predict,0.008658,54066,
predict,0.008468,54128,
predict,0.009408,54190,
predict,0.00887,54872,
predict,0.00875,54934,
predict,0.008373,54996,
predict,0.008178,55058,
predict,0.008336,55120,
predict,0.008818,55182,
predict,0.009869,55244,
predict,0.008537,55306,
predict,0.008996,55368,
predict,0.009435,55430,
predict,0.009414,55492,
predict,0.01033,55554,
predict,0.009062,55616,
predict,0.008578,55678,
predict,0.008514,55740,
predict,0.008636,55802,
predict,0.008607,55864,
predict,0.008364,55926,
predict,0.008628,55988,
predict,0.009095,56050,
predict,0.008889,56112,
predict,0.009553,56174,
predict,0.008801,56236,
predict,0.008879,56298,
predict,0.008931,56360,
predict,0.008293,56422,
predict,0.009699,56484,
predict,0.009414,56546,
predict,0.008421,56608,
predict,0.008422,56670,
predict,0.008438,56732,
predict,0.00843,56794,
predict,0.00887,57476,
predict,0.008477,57538,
predict,0.009093,57600,
predict,0.008315,57662,
predict,0.008187,57724,
predict,0.008434,57786,
predict,0.008191,57848,
predict,0.008522,57910,
predict,0.008293,57972,
predict,0.008182,58034,
predict,0.008647,58096,
predict,0.008372,58158,
predict,0.008706,58220,
predict,0.008533,58282,
predict,0.009905,58344,
predict,0.008687,58406,
predict,0.008657,58468,
predict,0.008528,58530,
predict,0.008519,58592,
predict,0.008511,58654,
predict,0.008186,58716,
predict,0.008425,58778,
predict,0.008368,58840,
predict,0.008679,58902,
predict,0.008261,58964,
predict,0.009252,59026,
predict,0.008335,59088,
predict,0.008651,59150,
predict,0.008619,59212,
predict,0.008088,59274,
predict,0.008891,59336,
predict,0.008778,59398,
predict,0.00867,60080,
predict,0.009244,60142,
predict,0.008725,60204,
predict,0.008342,60266,
predict,0.009119,60328,
predict,0.008721,60390,
predict,0.008514,60452,
predict,0.009061,60514,
predict,0.008188,60576,
predict,0.00871,60638,
predict,0.008504,60700,
predict,0.008526,60762,
predict,0.008766,60824,
predict,0.008527,60886,
predict,0.010105,60948,
predict,0.009413,61010,
predict,0.010235,61072,
predict,0.011623,61134,
predict,0.009521,61196,
predict,0.011816,61258,
predict,0.00875,61320,
predict,0.009283,61382,
predict,0.009962,61444,
predict,0.009318,61506,
predict,0.008622,61568,
predict,0.008854,61630,
predict,0.008694,61692,
predict,0.008448,61754,
predict,0.008328,61816,
predict,0.008115,61878,
predict,0.008583,61940,
predict,0.008328,62002,
predict,0.008585,62064,
predict,0.008549,62746,
predict,0.008143,62808,
predict,0.008652,62870,
predict,0.00907,62932,
predict,0.00952,62994,
predict,0.00819,63056,
predict,0.010188,63118,
predict,0.008385,63180,
predict,0.009,63242,
predict,0.008365,63304,
predict,0.010278,63366,
predict,0.009115,63428,
predict,0.008899,63490,
predict,0.008805,63552,
predict,0.00836,63614,
predict,0.009626,63676,
predict,0.008226,63738,
predict,0.008297,63800,
predict,0.008131,63862,
predict,0.009953,63924,
predict,0.008962,63986,
predict,0.008644,64048,
predict,0.009364,64110,
predict,0.008559,64172,
predict,0.008599,64234,
predict,0.008833,64296,
predict,0.00948,64358,
predict,0.00843,64420,
predict,0.009315,64482,
predict,0.00894,64544,
predict,0.009044,64606,
predict,0.008995,64668,
fit_block,0.493946,,3
predict,0.009822,65412,
predict,0.009006,65474,
predict,0.008527,65536,
predict,0.008523,65598,
predict,0.009367,65660,
predict,0.009106,65722,
predict,0.009278,65784,
predict,0.009195,65846,
predict,0.008378,65908,
predict,0.00914,65970,
predict,0.008412,66032,
predict,0.008674,66094,
predict,0.008376,66156,
predict,0.008651,66218,
predict,0.008551,66280,
predict,0.008416,66342,
predict,0.00872,66404,
predict,0.008618,66466,
predict,0.009838,66528,
predict,0.008699,66590,
predict,0.009393,66652,
predict,0.009425,66714,
predict,0.00917,66776,
predict,0.008674,66838,
predict,0.008884,66900,
predict,0.008604,66962,
predict,0.008284,67024,
predict,0.008833,67086,
predict,0.009517,67148,
predict,0.009635,67210,
predict,0.008957,67272,
predict,0.008856,67334,
predict,0.009042,68078,
predict,0.009536,68140,
predict,0.01023,68202,
predict,0.008992,68264,
predict,0.008485,68326,
predict,0.009874,68388,
predict,0.009018,68450,
predict,0.00935,68512,
predict,0.009438,68574,
predict,0.008528,68636,
predict,0.008398,68698,
predict,0.008817,68760,
predict,0.009503,68822,
predict,0.008207,68884,
predict,0.009357,68946,
predict,0.008451,69008,
predict,0.008155,69070,
predict,0.009054,69132,
predict,0.008871,69194,
predict,0.009235,69256,
predict,0.008766,69318,
predict,0.00879,69380,
predict,0.008911,69442,
predict,0.008805,69504,
predict,0.011485,69566,
predict,0.010668,69628,
predict,0.009459,69690,
predict,0.009875,69752,
predict,0.00887,69814,
predict,0.009624,69876,
predict,0.008409,69938,
predict,0.008708,70000,
predict,0.008531,70682,
predict,0.009575,70744,
predict,0.008883,70806,
predict,0.008777,70868,
predict,0.008662,70930,
predict,0.008402,70992,
predict,0.008714,71054,
predict,0.008289,71116,
predict,0.009128,71178,
predict,0.008474,71240,
predict,0.008738,71302,
predict,0.008124,71364,
predict,0.008148,71426,
predict,0.00818,71488,
predict,0.008628,71550,
predict,0.009221,71612,
predict,0.008316,71674,
predict,0.008524,71736,
predict,0.008679,71798,
predict,0.009664,71860,
predict,0.008866,71922,
predict,0.009466,71984,
predict,0.008435,72046,
predict,0.00874,72108,
predict,0.008807,72170,
predict,0.009208,72232,
predict,0.008224,72294,
predict,0.008343,72356,
predict,0.008504,72418,
predict,0.008568,72480,
predict,0.008292,72542,
predict,0.008592,72604,
predict,0.008515,73286,
predict,0.008286,73348,
predict,0.0084,73410,
predict,0.008618,73472,
predict,0.008605,73534,
predict,0.00838,73596,
predict,0.008265,73658,
predict,0.008298,73720,
predict,0.008237,73782,
predict,0.008202,73844,
predict,0.008377,73906,
predict,0.008233,73968,
predict,0.008258,74030,
predict,0.0084,74092,
predict,0.008234,74154,
predict,0.008266,74216,
predict,0.008439,74278,
predict,0.008945,74340,
predict,0.008349,74402,
predict,0.008542,74464,
predict,0.008662,74526,
predict,0.008687,74588,
predict,0.00877,74650,
predict,0.008834,74712,
predict,0.008502,74774,
predict,0.008391,74836,
predict,0.008274,74898,
predict,0.008394,74960,
predict,0.008233,75022,
predict,0.008419,75084,
predict,0.008396,75146,
predict,0.008406,75208,
predict,0.008162,75270,
predict,0.008691,75952,
predict,0.008779,76014,
predict,0.008386,76076,
predict,0.00827,76138,
predict,0.0085,76200,
predict,0.008603,76262,
predict,0.008234,76324,
predict,0.010489,76386,
predict,0.008619,76448,
predict,0.008973,76510,
predict,0.008668,76572,
predict,0.008346,76634,
predict,0.0087,76696,
predict,0.008184,76758,
predict,0.008135,76820,
predict,0.008891,76882,
predict,0.008422,76944,
predict,0.008644,77006,
predict,0.009209,77068,
predict,0.008822,77130,
predict,0.008583,77192,
predict,0.009696,77254,
predict,0.010389,77316,
predict,0.008877,77378,
predict,0.008461,77440,
predict,0.008881,77502,
predict,0.008666,77564,
predict,0.00875,77626,
predict,0.008742,77688,
predict,0.008516,77750,
predict,0.008777,77812,
predict,0.008335,77874,
predict,0.008421,78556,
predict,0.009016,78618,
predict,0.008322,78680,
predict,0.008713,78742,
predict,0.00835,78804,
predict,0.008704,78866,
predict,0.008228,78928,
predict,0.008479,78990,
predict,0.010155,79052,
predict,0.013317,79114,
predict,0.009395,79176,
predict,0.009018,79238,
predict,0.008586,79300,
predict,0.009789,79362,
predict,0.008847,79424,
predict,0.00882,79486,
predict,0.008512,79548,
predict,0.008338,79610,
predict,0.010784,79672,
predict,0.011494,79734,
predict,0.009839,79796,
predict,0.009251,79858,
predict,0.009641,79920,
predict,0.009788,79982,
predict,0.009052,80044,
predict,0.009306,80106,
predict,0.014341,80168,
predict,0.022206,80230,
predict,0.013785,80292,
predict,0.008344,80354,
predict,0.00816,80416,
predict,0.008259,80478,
predict,0.009001,81160,
predict,0.00826,81222,
predict,0.00938,81284,
predict,0.009314,81346,
predict,0.008496,81408,
predict,0.008315,81470,
predict,0.008535,81532,
predict,0.008558,81594,
predict,0.008114,81656,
predict,0.00821,81718,
predict,0.008226,81780,
predict,0.008648,81842,
predict,0.008152,81904,
predict,0.008208,81966,
predict,0.008244,82028,
predict,0.008309,82090,
predict,0.008347,82152,
predict,0.008202,82214,
predict,0.008586,82276,
predict,0.009548,82338,
predict,0.008566,82400,
predict,0.008224,82462,
predict,0.008255,82524,
predict,0.008499,82586,
predict,0.008327,82648,
predict,0.008226,82710,
predict,0.008418,82772,
predict,0.008293,82834,
predict,0.00841,82896,
predict,0.008687,82958,
predict,0.008812,83020,
predict,0.00872,83082,
predict,0.008176,83144,
predict,0.009723,83826,
predict,0.00971,83888,
predict,0.008571,83950,
predict,0.008844,84012,
predict,0.008526,84074,
predict,0.008256,84136,
predict,0.008204,84198,
predict,0.008653,84260,
predict,0.008164,84322,
predict,0.008415,84384,
predict,0.008691,84446,
predict,0.008226,84508,
predict,0.008244,84570,
predict,0.008544,84632,
predict,0.008293,84694,
predict,0.008678,84756,
predict,0.008579,84818,
predict,0.008218,84880,
predict,0.008552,84942,
predict,0.008923,85004,
predict,0.008482,85066,
predict,0.008366,85128,
predict,0.008447,85190,
predict,0.008685,85252,
predict,0.008853,85314,
predict,0.0082,85376,
predict,0.008755,85438,
predict,0.008326,85500,
predict,0.008248,85562,
predict,0.008211,85624,
predict,0.008409,85686,
predict,0.008392,85748,
fit_block,0.45139,,4
predict,0.009366,86492,
predict,0.00912,86554,
predict,0.009008,86616,
predict,0.008804,86678,
predict,0.008496,86740,
predict,0.009129,86802,
predict,0.008374,86864,
predict,0.008501,86926,
predict,0.008552,86988,
predict,0.008453,87050,
predict,0.008236,87112,
predict,0.008577,87174,
predict,0.008177,87236,
predict,0.008257,87298,
predict,0.008318,87360,
predict,0.008202,87422,
predict,0.008598,87484,
predict,0.008394,87546,
predict,0.008703,87608,
predict,0.008638,87670,
predict,0.008211,87732,
predict,0.008504,87794,
predict,0.008253,87856,
predict,0.008321,87918,
predict,0.008229,87980,
predict,0.009274,88042,
predict,0.008602,88104,
predict,0.008817,88166,
predict,0.0091,88228,
predict,0.008468,88290,
predict,0.008238,88352,
predict,0.0082,88414,
predict,0.008318,88476,
predict,0.009631,89096,
predict,0.008387,89158,
predict,0.008358,89220,
predict,0.008543,89282,
predict,0.008222,89344,
predict,0.008106,89406,
predict,0.008943,89468,
predict,0.008882,89530,
predict,0.008519,89592,
predict,0.008789,89654,
predict,0.008422,89716,
predict,0.008235,89778,
predict,0.008446,89840,
predict,0.008733,89902,
predict,0.008389,89964,
predict,0.008205,90026,
predict,0.00835,90088,
predict,0.008448,90150,
predict,0.00928,90212,
predict,0.008483,90274,
predict,0.008337,90336,
predict,0.008417,90398,
predict,0.00867,90460,
predict,0.008927,90522,
predict,0.008581,90584,
predict,0.008633,90646,
predict,0.009316,90708,
predict,0.008252,90770,
predict,0.008661,90832,
predict,0.009127,90894,
predict,0.008617,90956,
predict,0.008303,91018,
predict,0.008357,91080,
predict,0.008356,91762,
predict,0.008293,91824,
predict,0.008846,91886,
predict,0.008633,91948,
predict,0.008917,92010,
predict,0.008362,92072,
predict,0.008335,92134,
predict,0.008283,92196,
predict,0.008875,92258,
predict,0.009201,92320,
predict,0.009423,92382,
predict,0.008628,92444,
predict,0.008722,92506,
predict,0.008761,92568,
predict,0.008654,92630,
predict,0.008676,92692,
predict,0.008463,92754,
predict,0.008521,92816,
predict,0.00823,92878,
predict,0.008646,92940,
predict,0.008453,93002,
predict,0.008199,93064,
predict,0.008201,93126,
predict,0.008392,93188,
predict,0.008216,93250,
predict,0.00836,93312,
predict,0.008206,93374,
predict,0.008595,93436,
predict,0.008373,93498,
predict,0.008492,93560,
predict,0.008259,93622,
predict,0.00962,93684,
predict,0.008981,94366,
predict,0.008771,94428,
predict,0.008198,94490,
predict,0.008148,94552,
predict,0.008361,94614,
predict,0.008306,94676,
predict,0.009526,94738,
predict,0.008939,94800,
predict,0.008554,94862,
predict,0.008619,94924,
predict,0.008828,94986,
predict,0.00917,95048,
predict,0.008559,95110,
predict,0.00866,95172,
predict,0.008812,95234,
predict,0.008483,95296,
predict,0.008482,95358,
predict,0.008722,95420,
predict,0.008261,95482,
predict,0.008713,95544,
predict,0.008387,95606,
predict,0.009164,95668,
predict,0.008561,95730,
predict,0.008429,95792,
predict,0.008367,95854,
predict,0.008514,95916,
predict,0.008278,95978,
predict,0.008261,96040,
predict,0.008315,96102,
predict,0.008198,96164,
predict,0.00811,96226,
predict,0.00832,96288,
predict,0.008485,96970,
predict,0.008671,97032,
predict,0.008536,97094,
predict,0.008553,97156,
predict,0.008113,97218,
predict,0.00842,97280,
predict,0.00828,97342,
predict,0.008152,97404,
predict,0.008139,97466,
predict,0.008399,97528,
predict,0.008123,97590,
predict,0.008523,97652,
predict,0.008138,97714,
predict,0.008434,97776,
predict,0.008121,97838,
predict,0.008067,97900,
predict,0.008047,97962,
predict,0.008118,98024,
predict,0.008143,98086,
predict,0.008472,98148,
predict,0.009112,98210,
predict,0.008566,98272,
predict,0.008893,98334,
predict,0.008402,98396,
predict,0.008461,98458,
predict,0.008629,98520,
predict,0.008289,98582,
predict,0.008656,98644,
predict,0.008303,98706,
predict,0.008931,98768,
predict,0.008514,98830,
predict,0.008948,98892,
predict,0.00828,98954,
predict,0.008138,99636,
predict,0.008128,99698,
predict,0.008297,99760,
predict,0.008105,99822,
predict,0.010673,99884,
predict,0.008708,99946,
predict,0.008755,100008,
predict,0.008398,100070,
predict,0.008966,100132,
predict,0.008786,100194,
predict,0.008419,100256,
predict,0.008751,100318,
predict,0.008371,100380,
predict,0.008582,100442,
predict,0.008671,100504,
predict,0.008439,100566,
predict,0.008637,100628,
predict,0.008336,100690,
predict,0.008294,100752,
predict,0.008299,100814,
predict,0.0082,100876,
predict,0.008545,100938,
predict,0.00829,101000,
predict,0.008098,101062,
predict,0.008115,101124,
predict,0.008178,101186,
predict,0.008689,101248,
predict,0.009323,101310,
predict,0.008528,101372,
predict,0.00848,101434,
predict,0.008631,101496,
predict,0.008382,101558,
predict,0.008265,102240,
predict,0.008434,102302,
predict,0.008242,102364,
predict,0.008462,102426,
predict,0.009363,102488,
predict,0.008527,102550,
predict,0.008365,102612,
predict,0.008531,102674,
predict,0.008531,102736,
predict,0.00843,102798,
predict,0.008241,102860,
predict,0.008286,102922,
predict,0.008214,102984,
predict,0.008216,103046,
predict,0.008486,103108,
predict,0.008649,103170,
predict,0.008484,103232,
predict,0.00851,103294,
predict,0.008331,103356,
predict,0.008347,103418,
predict,0.008644,103480,
predict,0.008258,103542,
predict,0.008887,103604,
predict,0.008571,103666,
predict,0.008707,103728,
predict,0.008867,103790,
predict,0.012139,103852,
predict,0.00877,103914,
predict,0.008472,103976,
predict,0.008457,104038,
predict,0.008441,104100,
predict,0.008524,104162,
predict,0.008639,104906,
predict,0.008887,104968,
predict,0.008563,105030,
predict,0.008175,105092,
predict,0.00823,105154,
predict,0.0082,105216,
predict,0.009546,105278,
predict,0.008583,105340,
predict,0.009411,105402,
predict,0.008786,105464,
predict,0.008589,105526,
predict,0.008791,105588,
predict,0.009161,105650,
predict,0.008453,105712,
predict,0.008228,105774,
predict,0.008561,105836,
predict,0.008218,105898,
predict,0.0083,105960,
predict,0.008739,106022,
predict,0.008269,106084,
predict,0.008169,106146,
predict,0.008558,106208,
predict,0.008455,106270,
predict,0.008241,106332,
predict,0.008749,106394,
predict,0.008161,106456,
predict,0.008266,106518,
predict,0.008286,106580,
predict,0.008238,106642,
predict,0.008343,106704,
predict,0.008896,106766,
predict,0.008581,106828,
fit_block,0.446604,,5
predict,0.009955,107572,
predict,0.011988,107634,
predict,0.008995,107696,
predict,0.009393,107758,
predict,0.009657,107820,
predict,0.008767,107882,
predict,0.009451,107944,
predict,0.009498,108006,
predict,0.009357,108068,
predict,0.009426,108130,
predict,0.008679,108192,
predict,0.009028,108254,
predict,0.009185,108316,
predict,0.008447,108378,
predict,0.009029,108440,
predict,0.009335,108502,
predict,0.008836,108564,
predict,0.008836,108626,
predict,0.009668,108688,
predict,0.008491,108750,
predict,0.008727,108812,
predict,0.010042,108874,
predict,0.010103,108936,
predict,0.009938,108998,
predict,0.008971,109060,
predict,0.008972,109122,
predict,0.009609,109184,
predict,0.009171,109246,
predict,0.008812,109308,
predict,0.008891,109370,
predict,0.008653,109432,
predict,0.009219,109494,
predict,0.008839,109556,
predict,0.008665,110238,
predict,0.008522,110300,
predict,0.008985,110362,
predict,0.009346,110424,
predict,0.009636,110486,
predict,0.008907,110548,
predict,0.009781,110610,
predict,0.008998,110672,
predict,0.009371,110734,
predict,0.011583,110796,
predict,0.009525,110858,
predict,0.008818,110920,
predict,0.008555,110982,
predict,0.009018,111044,
predict,0.009088,111106,
predict,0.008812,111168,
predict,0.01006,111230,
predict,0.009341,111292,
predict,0.008951,111354,
predict,0.008113,111416,
predict,0.008306,111478,
predict,0.009047,111540,
predict,0.008831,111602,
predict,0.008653,111664,
predict,0.00939,111726,
predict,0.009702,111788,
predict,0.009015,111850,
predict,0.009345,111912,
predict,0.009451,111974,
predict,0.009135,112036,
predict,0.00831,112098,
predict,0.009712,112160,
predict,0.017305,112842,
predict,0.01086,112904,
predict,0.008604,112966,
predict,0.009074,113028,
predict,0.010171,113090,
predict,0.008964,113152,
predict,0.008465,113214,
predict,0.008604,113276,
predict,0.008326,113338,
predict,0.008333,113400,
predict,0.00821,113462,
predict,0.008846,113524,
predict,0.008275,113586,
predict,0.008573,113648,
predict,0.008467,113710,
predict,0.008452,113772,
predict,0.008354,113834,
predict,0.008302,113896,
predict,0.008996,113958,
predict,0.008962,114020,
predict,0.008566,114082,
predict,0.008823,114144,
predict,0.00848,114206,
predict,0.008504,114268,
predict,0.011693,114330,
predict,0.009038,114392,
predict,0.009007,114454,
predict,0.008918,114516,
predict,0.008994,114578,
predict,0.008829,114640,
predict,0.009507,114702,
predict,0.008668,114764,
predict,0.00838,115508,
predict,0.008582,115570,
predict,0.008622,115632,
predict,0.008357,115694,
predict,0.008941,115756,
predict,0.008625,115818,
predict,0.008646,115880,
predict,0.008751,115942,
predict,0.009219,116004,
predict,0.008543,116066,
predict,0.008628,116128,
predict,0.008571,116190,
predict,0.008676,116252,
predict,0.009081,116314,
predict,0.009094,116376,
predict,0.008492,116438,
predict,0.008527,116500,
predict,0.008588,116562,
predict,0.009708,116624,
predict,0.008496,116686,
predict,0.008259,116748,
predict,0.00841,116810,
predict,0.008825,116872,
predict,0.008232,116934,
predict,0.00829,116996,
predict,0.00829,117058,
predict,0.008358,117120,
predict,0.008614,117182,
predict,0.008287,117244,
predict,0.008774,117306,
predict,0.008517,117368,
predict,0.008415,117430,
predict,0.010536,118112,
predict,0.009756,118174,
predict,0.009026,118236,
predict,0.009301,118298,
predict,0.008956,118360,
predict,0.009102,118422,
predict,0.00868,118484,
predict,0.008612,118546,
predict,0.008533,118608,
predict,0.00965,118670,
predict,0.009341,118732,
predict,0.008558,118794,
predict,0.008511,118856,
predict,0.008924,118918,
predict,0.008459,118980,
predict,0.008805,119042,
predict,0.009028,119104,
predict,0.009237,119166,
predict,0.008979,119228,
predict,0.008355,119290,
predict,0.009071,119352,
predict,0.01055,119414,
predict,0.009687,119476,
predict,0.01024,119538,
predict,0.009513,119600,
predict,0.00935,119662,
predict,0.009248,119724,
predict,0.009576,119786,
predict,0.009556,119848,
predict,0.010038,119910,
predict,0.011493,119972,
predict,0.010017,120034,
predict,0.008864,120716,
predict,0.010394,120778,
predict,0.009127,120840,
predict,0.009138,120902,
predict,0.009371,120964,
predict,0.010059,121026,
predict,0.009729,121088,
predict,0.009109,121150,
predict,0.010011,121212,
predict,0.008952,121274,
predict,0.008845,121336,
predict,0.01135,121398,
predict,0.009268,121460,
predict,0.008813,121522,
predict,0.008963,121584,
predict,0.00858,121646,
predict,0.008532,121708,
predict,0.009865,121770,
predict,0.009817,121832,
predict,0.009039,121894,
predict,0.009488,121956,
predict,0.00882,122018,
predict,0.00888,122080,
predict,0.008431,122142,
predict,0.008683,122204,
predict,0.008669,122266,
predict,0.008796,122328,
predict,0.00852,122390,
predict,0.008982,122452,
predict,0.008831,122514,
predict,0.009081,122576,
predict,0.010021,122638,
predict,0.009011,123382,
predict,0.008339,123444,
predict,0.009021,123506,
predict,0.008367,123568,
predict,0.009138,123630,
predict,0.008499,123692,
predict,0.009221,123754,
predict,0.008443,123816,
predict,0.008832,123878,
predict,0.008967,123940,
predict,0.009316,124002,
predict,0.009077,124064,
predict,0.009271,124126,
predict,0.008681,124188,
predict,0.008918,124250,
predict,0.008658,124312,
predict,0.008835,124374,
predict,0.008528,124436,
predict,0.008893,124498,
predict,0.009033,124560,
predict,0.009265,124622,
predict,0.009149,124684,
predict,0.012204,124746,
predict,0.00881,124808,
predict,0.009013,124870,
predict,0.011375,124932,
predict,0.01075,124994,
predict,0.009551,125056,
predict,0.009343,125118,
predict,0.008867,125180,
predict,0.008744,125242,
predict,0.009677,125304,
predict,0.009087,125986,
predict,0.008529,126048,
predict,0.008806,126110,
predict,0.008615,126172,
predict,0.008458,126234,
predict,0.00841,126296,
predict,0.008536,126358,
predict,0.008641,126420,
predict,0.008369,126482,
predict,0.008682,126544,
predict,0.008997,126606,
predict,0.008779,126668,
predict,0.009026,126730,
predict,0.008417,126792,
predict,0.009144,126854,
predict,0.008545,126916,
predict,0.009342,126978,
predict,0.008665,127040,
predict,0.008716,127102,
predict,0.008514,127164,
predict,0.009284,127226,
predict,0.009568,127288,
predict,0.008684,127350,
predict,0.008489,127412,
predict,0.009025,127474,
predict,0.00824,127536,
predict,0.008223,127598,
predict,0.008743,127660,
predict,0.008196,127722,
predict,0.00866,127784,
predict,0.008605,127846,
predict,0.008273,127908,
fit_block,0.446038,,6
predict,0.009219,128714,
predict,0.008745,128776,
predict,0.008981,128838,
predict,0.009622,128900,
predict,0.009044,128962,
predict,0.00858,129024,
predict,0.008292,129086,
predict,0.009855,129148,
predict,0.010285,129210,
predict,0.009439,129272,
predict,0.008444,129334,
predict,0.009295,129396,
predict,0.008847,129458,
predict,0.008922,129520,
predict,0.009065,129582,
predict,0.008287,129644,
predict,0.008391,129706,
predict,0.008663,129768,
predict,0.009463,129830,
predict,0.009707,129892,
predict,0.009317,129954,
predict,0.009096,130016,
predict,0.008667,130078,
predict,0.008721,130140,
predict,0.008668,130202,
predict,0.009099,130264,
predict,0.008929,130326,
predict,0.009172,130388,
predict,0.009303,130450,
predict,0.010115,130512,
predict,0.009543,130574,
predict,0.009061,130636,
predict,0.009727,131318,
predict,0.008347,131380,
predict,0.008441,131442,
predict,0.008231,131504,
predict,0.008228,131566,
predict,0.009013,131628,
predict,0.008276,131690,
predict,0.010813,131752,
predict,0.009281,131814,
predict,0.009247,131876,
predict,0.008932,131938,
predict,0.009264,132000,
predict,0.008925,132062,
predict,0.009261,132124,
predict,0.009186,132186,
predict,0.00892,132248,
predict,0.009314,132310,
predict,0.010986,132372,
predict,0.009716,132434,
predict,0.010425,132496,
predict,0.009592,132558,
predict,0.00874,132620,
predict,0.008424,132682,
predict,0.008271,132744,
predict,0.008883,132806,
predict,0.008546,132868,
predict,0.009418,132930,
predict,0.009166,132992,
predict,0.008765,133054,
predict,0.008495,133116,
predict,0.009658,133178,
predict,0.009188,133240,
predict,0.009612,133984,
predict,0.008799,134046,
predict,0.008422,134108,
predict,0.008722,134170,
predict,0.009097,134232,
predict,0.009005,134294,
predict,0.008758,134356,
predict,0.009309,134418,
predict,0.008899,134480,
predict,0.009459,134542,
predict,0.008649,134604,
predict,0.008275,134666,
predict,0.00849,134728,
predict,0.008365,134790,
predict,0.008771,134852,
predict,0.00888,134914,
predict,0.008265,134976,
predict,0.009075,135038,
predict,0.008593,135100,
predict,0.008941,135162,
predict,0.009529,135224,
predict,0.008343,135286,
predict,0.008326,135348,
predict,0.009252,135410,
predict,0.010271,135472,
predict,0.009145,135534,
predict,0.009225,135596,
predict,0.009459,135658,
predict,0.008468,135720,
predict,0.008687,135782,
predict,0.008457,135844,
predict,0.009634,135906,
predict,0.008923,136588,
predict,0.00831,136650,
predict,0.009012,136712,
predict,0.008666,136774,
predict,0.009385,136836,
predict,0.008922,136898,
predict,0.008425,136960,
predict,0.008932,137022,
predict,0.008344,137084,
predict,0.009085,137146,
predict,0.010472,137208,
predict,0.009137,137270,
predict,0.008808,137332,
predict,0.009182,137394,
predict,0.008393,137456,
predict,0.0082,137518,
predict,0.009133,137580,
predict,0.009322,137642,
predict,0.009626,137704,
predict,0.009114,137766,
predict,0.009423,137828,
predict,0.009583,137890,
predict,0.009866,137952,
predict,0.009135,138014,
predict,0.008558,138076,
predict,0.009395,138138,
predict,0.010946,138200,
predict,0.009155,138262,
predict,0.008642,138324,
predict,0.011752,138386,
predict,0.009499,138448,
predict,0.009258,138510,
predict,0.010932,139192,
predict,0.009362,139254,
predict,0.009196,139316,
predict,0.010176,139378,
predict,0.011405,139440,
predict,0.008965,139502,
predict,0.008794,139564,
predict,0.008513,139626,
predict,0.009919,139688,
predict,0.009639,139750,
predict,0.009766,139812,
predict,0.009786,139874,
predict,0.009489,139936,
predict,0.008759,139998,
predict,0.008831,140060,
predict,0.008755,140122,
predict,0.008737,140184,
predict,0.008269,140246,
predict,0.009006,140308,
predict,0.014239,140370,
predict,0.009375,140432,
predict,0.009172,140494,
predict,0.009262,140556,
predict,0.00894,140618,
predict,0.008952,140680,
predict,0.009288,140742,
predict,0.008822,140804,
predict,0.008501,140866,
predict,0.010623,140928,
predict,0.010554,140990,
predict,0.00991,141052,
predict,0.00903,141114,
predict,0.008697,141176,
predict,0.009109,141858,
predict,0.008328,141920,
predict,0.008741,141982,
predict,0.00871,142044,
predict,0.008106,142106,
predict,0.009162,142168,
predict,0.008588,142230,
predict,0.009459,142292,
predict,0.009317,142354,
predict,0.009547,142416,
predict,0.009099,142478,
predict,0.009277,142540,
predict,0.008571,142602,
predict,0.009174,142664,
predict,0.009106,142726,
predict,0.008636,142788,
predict,0.008164,142850,
predict,0.008435,142912,
predict,0.009049,142974,
predict,0.009168,143036,
predict,0.008923,143098,
predict,0.008887,143160,
predict,0.009568,143222,
predict,0.008487,143284,
predict,0.009579,143346,
predict,0.008819,143408,
predict,0.008625,143470,
predict,0.009142,143532,
predict,0.008514,143594,
predict,0.009385,143656,
predict,0.008985,143718,
predict,0.008983,143780,
predict,0.008384,144462,
predict,0.00879,144524,
predict,0.012287,144586,
predict,0.009979,144648,
predict,0.009409,144710,
predict,0.0087,144772,
predict,0.008679,144834,
predict,0.008985,144896,
predict,0.008958,144958,
predict,0.009318,145020,
predict,0.008428,145082,
predict,0.008969,145144,
predict,0.008669,145206,
predict,0.00855,145268,
predict,0.009169,145330,
predict,0.008463,145392,
predict,0.009231,145454,
predict,0.008757,145516,
predict,0.009334,145578,
predict,0.009051,145640,
predict,0.009385,145702,
predict,0.008701,145764,
predict,0.008715,145826,
predict,0.009013,145888,
predict,0.009373,145950,
predict,0.008979,146012,
predict,0.008778,146074,
predict,0.008797,146136,
predict,0.008306,146198,
predict,0.009042,146260,
predict,0.009576,146322,
predict,0.008762,146384,
predict,0.008985,147066,
predict,0.008594,147128,
predict,0.00868,147190,
predict,0.008986,147252,
predict,0.009889,147314,
predict,0.008268,147376,
predict,0.008237,147438,
predict,0.008375,147500,
predict,0.008965,147562,
predict,0.013551,147624,
predict,0.00856,147686,
predict,0.010009,147748,
predict,0.009203,147810,
predict,0.009256,147872,
predict,0.009772,147934,
predict,0.012227,147996,
predict,0.008628,148058,
predict,0.008756,148120,
predict,0.008899,148182,
predict,0.009401,148244,
predict,0.008922,148306,
predict,0.009645,148368,
predict,0.008828,148430,
predict,0.008732,148492,
predict,0.008731,148554,
predict,0.00916,148616,
predict,0.009182,148678,
predict,0.008377,148740,
predict,0.008411,148802,
predict,0.008832,148864,
predict,0.008638,148926,
predict,0.010052,148988,
predict,0.008797,149050,
fit_block,0.467447,,7
