session,subject,bytes,sha256,source
2025.12.01.16.04.01_N01.mat,N01,23085761,ecabe2839ed3513989b152aaa4009bad7e651e94fdb826722ea7760e764181c7,https://storage.yandexcloud.net/neuralinterfaces-train/Data/2025.12.01.16.04.01_N01.mat
2025.12.04.13.29.33_N01.mat,N01,21722814,39cd1664e6fb42cf5d606f0d58d926e890f8c0f06f0f46c1430c89bcffd9dcb0,https://storage.yandexcloud.net/neuralinterfaces-train/Data/2025.12.04.13.29.33_N01.mat
2025.12.08.14.19.05_N02.mat,N02,22563067,210de11a6bc99c6a7e9aedf081e3c40594b98e6f220903c22d5da48e308ff596,https://storage.yandexcloud.net/neuralinterfaces-train/Data/2025.12.08.14.19.05_N02.mat
2025.12.09.12.52.43_N01.mat,N01,22533650,ff9135496a72abc90b78c5394d60b7a9c38b0c972e9e0ff94bcd8f328c7fafad,https://storage.yandexcloud.net/neuralinterfaces-train/Data/2025.12.09.12.52.43_N01.mat
2025.12.11.12.13.46_N03.mat,N03,22040754,40f364eafeb33179d09ea17f83d512d708dbd13ccca729c6ca4a576eda9494a4,https://storage.yandexcloud.net/neuralinterfaces-train/Data/2025.12.11.12.13.46_N03.mat
2025.12.11.15.27.59_N02.mat,N02,22262898,672017208156020247a244d1955fea091efa058f39dec2ff4612e66f8b2f1b63,https://storage.yandexcloud.net/neuralinterfaces-train/Data/2025.12.11.15.27.59_N02.mat
2025.12.11.15.43.58_N02.mat,N02,22209669,6d7bab0ba749eaffabef934d2c45f7fd2860f5716c8253390be988be383374a5,https://storage.yandexcloud.net/neuralinterfaces-train/Data/2025.12.11.15.43.58_N02.mat
2025.12.15.12.52.57_N03.mat,N03,24300068,9393e8538ba4d7519c98dc2f4f57bef072f53dc433a1f1cf9e580e390ae0bf4b,https://storage.yandexcloud.net/neuralinterfaces-train/Data/2025.12.15.12.52.57_N03.mat
2025.12.15.13.16.37_N03.mat,N03,24349851,190b4ddd88e152a533ca423434691e86f372ab9f3c3683af02ea0bfbd2139ff3,https://storage.yandexcloud.net/neuralinterfaces-train/Data/2025.12.15.13.16.37_N03.mat
2025.12.18.12.09.22_N03.mat,N03,18175001,22cfc9b69a1ea4ba9a0baaea06d567dcc30bf0786970f13bb22143a48309c840,https://storage.yandexcloud.net/neuralinterfaces-train/Data/2025.12.18.12.09.22_N03.mat
2025.12.18.15.02.14_N02.mat,N02,21479948,5a7fb9202fe17592976dab6bba4402dd8cb6bf66dfac19dc336a0ff959727963,https://storage.yandexcloud.net/neuralinterfaces-train/Data/2025.12.18.15.02.14_N02.mat
2026.01.14.13.55.34_N06.mat,N06,23590243,06f17c885a5f7f6befe0d582ae2f793a1e269e1c20ec65282c254148bbe50e9a,https://storage.yandexcloud.net/neuralinterfaces-train/Data/2026.01.14.13.55.34_N06.mat
2026.01.15.14.53.23_N06.mat,N06,22726847,8568feff43cce42901f652ac1956718cdbaaef270cea0833979f4c19ee36ef94,https://storage.yandexcloud.net/neuralinterfaces-train/Data/2026.01.15.14.53.23_N06.mat
2026.01.15.15.05.38_N06.mat,N06,22494576,02e41f69209aaecde84c87fe1e9312b8de1841c17625eb2cd0398fc61e16cfbd,https://storage.yandexcloud.net/neuralinterfaces-train/Data/2026.01.15.15.05.38_N06.mat
2026.01.16.13.40.51_N06.mat,N06,23310701,c38254dab6efe255b19a4d46ebcebaa2e8955c11c6a4111f4ffb2c729ad36c6f,https://storage.yandexcloud.net/neuralinterfaces-train/Data/2026.01.16.13.40.51_N06.mat
2026.01.20.13.28.05_N08.mat,N08,21727686,8b277f8841e13e95a76b42ca558f51487dca970917980ab5edc1fdca6e512d70,https://storage.yandexcloud.net/neuralinterfaces-train/Data/2026.01.20.13.28.05_N08.mat
2026.01.21.13.29.25_N09.mat,N09,23538313,3b54aa76ce0f31942a8235c9e2af404d3115dbbc45599a33b32080d4bb0ed766,https://storage.yandexcloud.net/neuralinterfaces-train/Data/2026.01.21.13.29.25_N09.mat
2026.01.21.15.25.36_N10.mat,N10,22358448,fda57351aa7592e58737c01bf1e0c995fb2683af21f1a04d44b8bc36a35f2998,https://storage.yandexcloud.net/neuralinterfaces-train/Data/2026.01.21.15.25.36_N10.mat
2026.01.22.14.36.16_N09.mat,N09,23992487,2d75bb137bb106be19c0d0f764eed4cf63ff6373ac080023237edccbc23c1fd5,https://storage.yandexcloud.net/neuralinterfaces-train/Data/2026.01.22.14.36.16_N09.mat
2026.01.22.14.47.19_N09.mat,N09,24027526,a019b4d8e1994af6be3e407c3bb5247f735fdee54c747671c76552198cb9a6c5,https://storage.yandexcloud.net/neuralinterfaces-train/Data/2026.01.22.14.47.19_N09.mat
2026.01.26.14.45.18_N09.mat,N09,24251521,bc49cc81c12cb7512d351d636f14b85ec4f8dcc0697a4e0af6190c1847972599,https://storage.yandexcloud.net/neuralinterfaces-train/Data/2026.01.26.14.45.18_N09.mat
2026.01.26.16.37.52_N08.mat,N08,24123847,f47feb90c6471f2cbb6457d6e8fbf9fd616904ee8d2e5955ca99e9de63e0ee0d,https://storage.yandexcloud.net/neuralinterfaces-train/Data/2026.01.26.16.37.52_N08.mat
2026.01.26.16.49.30_N08.mat,N08,23831440,1c3f3fe964a62a55692afef3c1dae5d6fa8532cbfbad20e2a513d258833b0bcf,https://storage.yandexcloud.net/neuralinterfaces-train/Data/2026.01.26.16.49.30_N08.mat
2026.01.28.13.14.05_N11.mat,N11,23079613,69e9ff46d9efcbf84c9939752b199a32d3552be77e03846b7de5f1996f7cdeb4,https://storage.yandexcloud.net/neuralinterfaces-train/Data/2026.01.28.13.14.05_N11.mat
2026.02.02.13.15.04_N11.mat,N11,23011264,7893737b76001b1f3de1bc334a291fe366b9af12e33b380b55d21dd8fff9539e,https://storage.yandexcloud.net/neuralinterfaces-train/Data/2026.02.02.13.15.04_N11.mat
2026.02.02.13.27.56_N11.mat,N11,22964547,360ae1efaef1c9ef3ad0e98e4b4babca8bcda8631803904c92d85c778e28d59b,https://storage.yandexcloud.net/neuralinterfaces-train/Data/2026.02.02.13.27.56_N11.mat
2026.02.09.13.04.04_N10.mat,N10,23795409,1c468805684def374d61762b7b30746591b85fa280b783b808f041dc2946c101,https://storage.yandexcloud.net/neuralinterfaces-train/Data/2026.02.09.13.04.04_N10.mat
2026.02.09.13.17.04_N10.mat,N10,23680138,d436d70ea370fab052b628a2a1b8d61fc5dfb29cb3740259a6f83927641a71c6,https://storage.yandexcloud.net/neuralinterfaces-train/Data/2026.02.09.13.17.04_N10.mat
2026.02.12.12.14.18_N11.mat,N11,21606411,e30c264afbe89387324c9341235fc086c288e1299012be8c0df6777b30ac0db3,https://storage.yandexcloud.net/neuralinterfaces-train/Data/2026.02.12.12.14.18_N11.mat
2026.02.12.14.14.43_N13.mat,N13,24292924,38ed9d6545be77613d5b867fd6e23bdca938b3fdac6581882036a8ec51f59c64,https://storage.yandexcloud.net/neuralinterfaces-train/Data/2026.02.12.14.14.43_N13.mat
2026.02.16.13.43.38_N10.mat,N10,24055100,e652a3c6e084e55075c3812c3224414a9d3171d399ff60db35d088fd19e98fec,https://storage.yandexcloud.net/neuralinterfaces-train/Data/2026.02.16.13.43.38_N10.mat
2026.02.18.13.10.04_N13.mat,N13,23010070,15d5e7098f9060798600fa259373a6b3a87f57238e4ec64b2d551e6a5679d54a,https://storage.yandexcloud.net/neuralinterfaces-train/Data/2026.02.18.13.10.04_N13.mat
2026.02.18.13.23.07_N13.mat,N13,23107526,bf40ef7dda62096e9c0f619c80ff40a9b2e15c001a2ca7caaa41e12331bc2aa1,https://storage.yandexcloud.net/neuralinterfaces-train/Data/2026.02.18.13.23.07_N13.mat
2026.02.18.14.51.46_N08.mat,N08,24106805,e32db03cc7bdee8a1744e1f943d2c3fbaae1bae0d86d83e52dab444022d1f9fe,https://storage.yandexcloud.net/neuralinterfaces-train/Data/2026.02.18.14.51.46_N08.mat
2026.02.19.13.23.35_N13.mat,N13,21220169,18b8f6b41644181582e2b92380a6532f9bd1b0558481f1eec147d119b8aa2228,https://storage.yandexcloud.net/neuralinterfaces-train/Data/2026.02.19.13.23.35_N13.mat
2026.02.20.17.10.45_N14.mat,N14,23771230,fa35cb0ea23d916eb31ea690b996cb600e19bdea44350b67d50ba268d5d33679,https://storage.yandexcloud.net/neuralinterfaces-train/Data/2026.02.20.17.10.45_N14.mat
2026.02.20.17.25.24_N14.mat,N14,23507576,f9bd08c68d999b8612fe1c43f37e647b3b4e74a7a932b65977469f9dae22690f,https://storage.yandexcloud.net/neuralinterfaces-train/Data/2026.02.20.17.25.24_N14.mat
2026.02.24.16.07.40_N15.mat,N15,22989641,6083b367efdf974d4d3c8e40db27f29cf9106d3bae76f5f0823bfe04699a6edf,https://storage.yandexcloud.net/neuralinterfaces-train/Data/2026.02.24.16.07.40_N15.mat
2026.02.27.13.11.59_N15.mat,N15,21414002,f62e46fce41bc27f05ce6da264add2923892a3ea884319cb679ec3fd409d3291,https://storage.yandexcloud.net/neuralinterfaces-train/Data/2026.02.27.13.11.59_N15.mat
2026.02.27.13.24.42_N15.mat,N15,21122237,6e3f27470e55c1321b04f44403f2d8ddfba54e31f08cfd9ec91ec88b903e6978,https://storage.yandexcloud.net/neuralinterfaces-train/Data/2026.02.27.13.24.42_N15.mat
2026.03.04.12.51.22_N15.mat,N15,23834607,3390cde2ab893b01882b97da8e0deb9af8b44413f3cb226968ca0377cd2e653c,https://storage.yandexcloud.net/neuralinterfaces-train/Data/2026.03.04.12.51.22_N15.mat
2026.03.10.17.02.53_N16.mat,N16,23121690,de88b41701b1bc10f095ee3b9b313ba1f103fef987f186c4f37f00de7d940253,https://storage.yandexcloud.net/neuralinterfaces-train/Data/2026.03.10.17.02.53_N16.mat
2026.03.11.19.32.02_N16.mat,N16,22474238,5728cab24dad8cefb6f31a17c1b9d95e3e581f8967be28cf49454ed0724d3513,https://storage.yandexcloud.net/neuralinterfaces-train/Data/2026.03.11.19.32.02_N16.mat
2026.03.11.19.45.53_N16.mat,N16,22300755,e4ea3bfd1ce9290b7008bf5bed7ae2da5f3bb3c53ba02d618844c17abe512aa7,https://storage.yandexcloud.net/neuralinterfaces-train/Data/2026.03.11.19.45.53_N16.mat
2026.03.12.12.31.02_N16.mat,N16,21878633,80e7f721ae8d3b2da98df3b699d2df2113c70bfada14495c3abaa288abbad28e,https://storage.yandexcloud.net/neuralinterfaces-train/Data/2026.03.12.12.31.02_N16.mat
2026.03.20.14.54.22_N14.mat,N14,22684202,ad693e2b7448d8a37a1f66edcbc031b962adb8e6ac0f349234bb0913ec81fbba,https://storage.yandexcloud.net/neuralinterfaces-train/Data/2026.03.20.14.54.22_N14.mat
2026.03.20.15.16.33_N14.mat,N14,22679369,882722f2c893de0b5827e8d75dc135fdf6d182af1ebd5fe2ce191df93eb05f70,https://storage.yandexcloud.net/neuralinterfaces-train/Data/2026.03.20.15.16.33_N14.mat
2026.03.23.14.24.35_N17.mat,N17,23517813,0e2b6ef15333db1ea6cbac15640f226aaccb96b091635687df0174eb7d6caeb7,https://storage.yandexcloud.net/neuralinterfaces-train/Data/2026.03.23.14.24.35_N17.mat
2026.03.24.18.00.22_N18.mat,N18,23834632,40270e6c00f6d32fc14a88eb43a4cfc80720412a2c7bf4c0a3b19098b6472d2a,https://storage.yandexcloud.net/neuralinterfaces-train/Data/2026.03.24.18.00.22_N18.mat
2026.03.25.12.49.29_N18.mat,N18,23707084,4e9d4af0875a5823ed07736beb8769031b83ad871be41025526840ae82c28070,https://storage.yandexcloud.net/neuralinterfaces-train/Data/2026.03.25.12.49.29_N18.mat
2026.03.25.13.04.32_N18.mat,N18,23481198,cc322d413c70f5bc30179c90c1d0f6fc5967789fe2a1825fffdda84479b44c8f,https://storage.yandexcloud.net/neuralinterfaces-train/Data/2026.03.25.13.04.32_N18.mat
2026.03.25.14.35.20_N17.mat,N17,24309129,15c44b22db0b0c50b965e3da933e1c0dde4f9edcf201ace4cbe59fd270807d7d,https://storage.yandexcloud.net/neuralinterfaces-train/Data/2026.03.25.14.35.20_N17.mat
2026.03.25.14.46.04_N17.mat,N17,24216660,3755c1ea6b95230ef4587e42331947bbb5203d566c22e1729f09b59f2e6036c1,https://storage.yandexcloud.net/neuralinterfaces-train/Data/2026.03.25.14.46.04_N17.mat
2026.03.26.12.37.48_N18.mat,N18,22895518,5116a898511e7c2dcea3b2c44d8977c771a45b6bf2501cad76202706127db4dd,https://storage.yandexcloud.net/neuralinterfaces-train/Data/2026.03.26.12.37.48_N18.mat
2026.03.26.14.21.39_N17.mat,N17,23306031,5ccbca874dd475ede9a7770a1f79d4c7bc5eebf8c54b6414635b679a8eeb18a8,https://storage.yandexcloud.net/neuralinterfaces-train/Data/2026.03.26.14.21.39_N17.mat
2026.03.27.16.34.41_N14.mat,N14,21582024,ac8375ecf3c0410023653b67bd1bfcb57acfbe4aeed3f26d73b23daccc448bfd,https://storage.yandexcloud.net/neuralinterfaces-train/Data/2026.03.27.16.34.41_N14.mat
