session,subject,samples_extracted,class1,class2,class3,seconds
2025.12.01.16.04.01_N01.mat,N01,904,454,224,226,3.552
2025.12.04.13.29.33_N01.mat,N01,904,452,227,225,1.858
2025.12.08.14.19.05_N02.mat,N02,903,451,227,225,1.816
2025.12.09.12.52.43_N01.mat,N01,903,452,226,225,2.0
2025.12.11.12.13.46_N03.mat,N03,904,450,228,226,1.862
2025.12.11.15.27.59_N02.mat,N02,905,452,227,226,1.807
2025.12.11.15.43.58_N02.mat,N02,905,453,226,226,1.909
2025.12.15.12.52.57_N03.mat,N03,903,454,225,224,1.928
2025.12.15.13.16.37_N03.mat,N03,905,456,224,225,1.875
2026.01.14.13.55.34_N06.mat,N06,904,451,227,226,2.028
2026.01.15.14.53.23_N06.mat,N06,904,452,226,226,1.749
2026.01.15.15.05.38_N06.mat,N06,904,450,228,226,1.79
2026.01.16.13.40.51_N06.mat,N06,903,452,227,224,1.858
2026.01.20.13.28.05_N08.mat,N08,904,450,228,226,1.764
2026.01.21.13.29.25_N09.mat,N09,904,450,228,226,1.752
2026.01.21.15.25.36_N10.mat,N10,905,450,228,227,1.813
2026.01.22.14.36.16_N09.mat,N09,904,450,228,226,1.866
2026.01.22.14.47.19_N09.mat,N09,904,452,225,227,1.87
2026.01.26.14.45.18_N09.mat,N09,902,450,227,225,1.786
2026.01.26.16.37.52_N08.mat,N08,903,452,226,225,1.789
2026.01.26.16.49.30_N08.mat,N08,903,451,226,226,1.914
2026.01.28.13.14.05_N11.mat,N11,904,455,225,224,1.843
2026.02.02.13.15.04_N11.mat,N11,905,452,227,226,2.013
2026.02.02.13.27.56_N11.mat,N11,905,453,228,224,1.826
2026.02.09.13.04.04_N10.mat,N10,903,454,225,224,1.854
2026.02.09.13.17.04_N10.mat,N10,904,451,226,227,1.858
2026.02.12.12.14.18_N11.mat,N11,904,452,226,226,1.874
2026.02.12.14.14.43_N13.mat,N13,902,452,226,224,1.785
2026.02.16.13.43.38_N10.mat,N10,905,455,224,226,1.853
2026.02.18.13.10.04_N13.mat,N13,904,453,227,224,1.817
2026.02.18.13.23.07_N13.mat,N13,902,451,227,224,1.918
2026.02.18.14.51.46_N08.mat,N08,904,452,225,227,1.841
2026.02.19.13.23.35_N13.mat,N13,904,451,228,225,1.77
2026.02.20.17.10.45_N14.mat,N14,903,450,228,225,1.793
2026.02.20.17.25.24_N14.mat,N14,903,452,225,226,1.763
2026.02.24.16.07.40_N15.mat,N15,905,451,228,226,1.774
2026.02.27.13.11.59_N15.mat,N15,902,452,226,224,1.864
2026.02.27.13.24.42_N15.mat,N15,906,454,226,226,2.023
2026.03.04.12.51.22_N15.mat,N15,905,452,228,225,1.943
2026.03.10.17.02.53_N16.mat,N16,906,450,230,226,1.916
2026.03.11.19.32.02_N16.mat,N16,902,451,227,224,1.891
2026.03.11.19.45.53_N16.mat,N16,904,449,228,227,1.892
2026.03.12.12.31.02_N16.mat,N16,904,451,228,225,1.987
2026.03.20.14.54.22_N14.mat,N14,902,451,227,224,1.951
2026.03.20.15.16.33_N14.mat,N14,905,452,227,226,1.922
2026.03.24.18.00.22_N18.mat,N18,903,449,228,226,1.891
2026.03.25.12.49.29_N18.mat,N18,901,450,227,224,1.828
2026.03.25.13.04.32_N18.mat,N18,902,450,226,226,1.838
2026.03.26.12.37.48_N18.mat,N18,905,450,230,225,1.846
2026.03.27.16.34.41_N14.mat,N14,903,450,228,225,1.884
